{
    "majorIndices": {
        "Indices": {
            "0": "Dow Jones",
            "1": "S&P 500derived",
            "2": "Nasdaq",
            "3": "Russell 2000derived",
            "4": "S&P 500 VIXderived",
            "5": "S&P/TSX",
            "6": "Ibovespa",
            "7": "S&P/BMV IPC",
            "8": "DAXderived",
            "9": "FTSE 100derived",
            "10": "CAC 40",
            "11": "Euro Stoxx 50derived",
            "12": "AEX",
            "13": "IBEX 35derived",
            "14": "FTSE MIBderived",
            "15": "SMIderived",
            "16": "PSI 20",
            "17": "BEL 20derived",
            "18": "ATX",
            "19": "OMXS30",
            "20": "MOEX",
            "21": "RTSI",
            "22": "WIG20",
            "23": "Budapest SE",
            "24": "BIST 100",
            "25": "TA 35",
            "26": "Tadawul All Share",
            "27": "Nikkei 225derived",
            "28": "S&P/ASX 200",
            "29": "Shanghai",
            "30": "SZSE Component",
            "31": "China A50",
            "32": "DJ Shanghai",
            "33": "Hang Sengderived",
            "34": "Taiwan Weighted",
            "35": "SET",
            "36": "KOSPI",
            "37": "IDX Composite",
            "38": "Nifty 50",
            "39": "BSE Sensex",
            "40": "HNX 30"
        },
        "Var. %": {
            "0": "+0,48%",
            "1": "+0,36%",
            "2": "+0,10%",
            "3": "+0,39%",
            "4": "+5,60%",
            "5": "+0,15%",
            "6": "+0,34%",
            "7": "+0,44%",
            "8": "-0,04%",
            "9": "+0,20%",
            "10": "+0,36%",
            "11": "+0,04%",
            "12": "-0,10%",
            "13": "+0,68%",
            "14": "-0,12%",
            "15": "-0,38%",
            "16": "+0,07%",
            "17": "+0,48%",
            "18": "-0,20%",
            "19": "-0,23%",
            "20": "-0,09%",
            "21": "-0,69%",
            "22": "+0,70%",
            "23": "+0,87%",
            "24": "-0,89%",
            "25": "-0,04%",
            "26": "+0,19%",
            "27": "+0,01%",
            "28": "+0,03%",
            "29": "+1,49%",
            "30": "+2,89%",
            "31": "+2,16%",
            "32": "+1,71%",
            "33": "+0,37%",
            "34": "+0,61%",
            "35": "+1,68%",
            "36": "+0,01%",
            "37": "-0,55%",
            "38": "-1,77%",
            "39": "-1,81%",
            "40": "+0,48%"
        }
    }
}